Workbook

Sheet wholesale
A1: JAMB TYPE | B1: 7/0 & 8/0 SNGL | C1: 7/0 & 8/0 DBL | D1: 7/0 & 8/0 SNGL | E1: 7/0 & 8/0 SNGL | F1: 7/0 & 8/0 DBL | G1: 7/0 & 8/0 DBL
A2: AND SIZE | D2: + 1 SIDELITE | E2: + 2 SIDELITES | F2: + 1 SIDELITE | G2: + 2 SIDELITES
D3: ** | E3: ** | F3: ** | G3: **
A4: PR PINE 4 5/8 | B4: 212 | C4: 433.5 | D4: 447.5 | E4: 611.5 | F4: 629 | G4: 868.5
A5: PR PINE 5 1/4 | B5: 251.5 | C5: 471 | D5: 527 | E5: 737.5 | F5: 709 | G5: 1021
A6: PR PINE 6 5/8 | B6: 278.5 | C6: 525 | D6: 591.5 | E6: 859 | F6: 841 | G6: 1112
A7: PR PINE 7 1/4 | B7: 287.5 | C7: 565 | D7: 637.5 | E7: 892 | F7: 871.5 | G7: 1163
A9: SG PINE 4 5/8 | B9: 277 | C9: 530 | D9: 571.5 | E9: 816.5 | F9: 815 | G9: 1055
A10: SG PINE 5 1/4 | B10: 299.5 | C10: 562 | D10: 603 | E10: 859 | F10: 856.5 | G10: 1148.5
A11: SG PINE 6 5/8 | B11: 360.5 | C11: 609.5 | D11: 708 | E11: 1002 | F11: 970.5 | G11: 1326.5
A12: SG PINE 7 1/4 | B12: 376 | C12: 630.5 | D12: 733 | E12: 1038.5 | F12: 997.5 | G12: 1377
A14: VG FIR 4 5/8 | B14: 402.5 | C14: 730 | D14: 818.5 | E14: 1150 | F14: 1133 | G14: 1537
A15: VG FIR 5 1/4 | B15: 468.5 | C15: 887 | D15: 917.5 | E15: 1331 | F15: 1250.5 | G15: 1732
A16: VG FIR 7 1/4 | B16: 615 | C16: 1028 | D16: 1285.5 | E16: 1867 | F16: 1675.5 | G16: 2364
A18: OAK 5 1/4 | B18: 508.5 | C18: 852 | D18: 937.5 | E18: 1330 | F18: 1215 | G18: 1604.5
A19: OAK 7 1/4 | B19: 640 | C19: 1102.5 | D19: 1217.5 | E19: 1742.5 | F19: 1658 | G19: 2071
A20: * *Add Cost for Commercial Grade or Ball Bearing Hinges to all Door & Sidelite Units
A21: * 2 1/4" ADD $129.50 PER EACH DOOR OR SIDELITE
A22: Composite Upcharge Single 65.00 Double 85.00
A23: STANDARD SPECIFICATIONS
A24: A BETTER DOOR to supply Exterior Jambs, Aluminum or Bronze Sill, Door Shoes,
A25: Kerft Weatherstripping & 4 ea. 4" x 4" x 1/4"R Hinges per Door,US4 Satin Brass.
A27: Double Door prices include Fir T-Astragal and 2 ea 6" brass flush bolts.
A28: Oak T-Astragal and 2 ea 6" flush bolts will be included for Oak Jambs.
A30: Stain Grade Pine and Vertical Grain Fir Jambs may be veneer or engineered material.
A32: Hinge Spacing to be approximately 7" from Top of Door and 11" from Bottom of Door.
A33: Middle Hinge will be Centered between Top and Bottom Hinges.
A35: Door Handle Bore will be 2 1/8"D with a 2 3/8" Backset, 60" from the Top of 8/0 Door.
... A52: Customer to supply door, and casings if required.

Sheet retail
A1: JAMB TYPE | B1: 7/0 & 8/0 SNGL | C1: 7/0 & 8/0 DBL | D1: 7/0 & 8/0 SNGL | E1: 7/0 & 8/0 SNGL | F1: 7/0 & 8/0 DBL | G1: 7/0 & 8/0 DBL
A2: AND SIZE | D2: + 1 SIDELITE | E2: + 2 SIDELITES | F2: + 1 SIDELITE | G2: + 2 SIDELITES
D3: ** | E3: ** | F3: ** | G3: **
A4: PR PINE 4 5/8 | B4: =wholesale!B4*2 | C4: =wholesale!C4*2 | D4: =wholesale!D4*2 | E4: =wholesale!E4*2 | F4: =wholesale!F4*2 | G4: =wholesale!G4*2
A5: PR PINE 5 1/4 | B5: =wholesale!B5*2 | C5: =wholesale!C5*2 | D5: =wholesale!D5*2 | E5: =wholesale!E5*2 | F5: =wholesale!F5*2 | G5: =wholesale!G5*2
A6: PR PINE 6 5/8 | B6: =wholesale!B6*2 | C6: =wholesale!C6*2 | D6: =wholesale!D6*2 | E6: =wholesale!E6*2 | F6: =wholesale!F6*2 | G6: =wholesale!G6*2
A7: PR PINE 7 1/4 | B7: =wholesale!B7*2 | C7: =wholesale!C7*2 | D7: =wholesale!D7*2 | E7: =wholesale!E7*2 | F7: =wholesale!F7*2 | G7: =wholesale!G7*2
A9: SG PINE 4 5/8 | B9: =wholesale!B9*2 | C9: =wholesale!C9*2 | D9: =wholesale!D9*2 | E9: =wholesale!E9*2 | F9: =wholesale!F9*2 | G9: =wholesale!G9*2
A10: SG PINE 5 1/4 | B10: =wholesale!B10*2 | C10: =wholesale!C10*2 | D10: =wholesale!D10*2 | E10: =wholesale!E10*2 | F10: =wholesale!F10*2 | G10: =wholesale!G10*2
A11: SG PINE 6 5/8 | B11: =wholesale!B11*2 | C11: =wholesale!C11*2 | D11: =wholesale!D11*2 | E11: =wholesale!E11*2 | F11: =wholesale!F11*2 | G11: =wholesale!G11*2
A12: SG PINE 7 1/4 | B12: =wholesale!B12*2 | C12: =wholesale!C12*2 | D12: =wholesale!D12*2 | E12: =wholesale!E12*2 | F12: =wholesale!F12*2 | G12: =wholesale!G12*2
A14: VG FIR 4 5/8 | B14: =wholesale!B14*2 | C14: =wholesale!C14*2 | D14: =wholesale!D14*2 | E14: =wholesale!E14*2 | F14: =wholesale!F14*2 | G14: =wholesale!G14*2
A15: VG FIR 5 1/4 | B15: =wholesale!B15*2 | C15: =wholesale!C15*2 | D15: =wholesale!D15*2 | E15: =wholesale!E15*2 | F15: =wholesale!F15*2 | G15: =wholesale!G15*2
A16: VG FIR 7 1/4 | B16: =wholesale!B16*2 | C16: =wholesale!C16*2 | D16: =wholesale!D16*2 | E16: =wholesale!E16*2 | F16: =wholesale!F16*2 | G16: =wholesale!G16*2
A18: OAK 5 1/4 | B18: =wholesale!B18*2 | C18: =wholesale!C18*2 | D18: =wholesale!D18*2 | E18: =wholesale!E18*2 | F18: =wholesale!F18*2 | G18: =wholesale!G18*2
A19: OAK 7 1/4 | B19: =wholesale!B19*2 | C19: =wholesale!C19*2 | D19: =wholesale!D19*2 | E19: =wholesale!E19*2 | F19: =wholesale!F19*2 | G19: =wholesale!G19*2
A20: * *Add Cost for Commercial Grade or Ball Bearing Hinges to all Door & Sidelite Units
A21: * 2 1/4" ADD $259.00 PER EACH DOOR OR SIDELITE
A22: Composite Upcharge Single 130.00 Double 170.00
A23: STANDARD SPECIFICATIONS
A24: A BETTER DOOR to supply Exterior Jambs, Aluminum or Bronze Sill, Door Shoes,
A25: Kerft Weatherstripping & 4 ea. 4" x 4" x 1/4"R Hinges per Door,US4 Satin Brass.
A27: Double Door prices include Fir T-Astragal and 2 ea 6" brass flush bolts.
A28: Oak T-Astragal and 2 ea 6" flush bolts will be included for Oak Jambs.
A30: Stain Grade Pine and Vertical Grain Fir Jambs may be veneer or engineered material.
A32: Hinge Spacing to be approximately 7" from Top of Door and 11" from Bottom of Door.
A33: Middle Hinge will be Centered between Top and Bottom Hinges.
A35: Door Handle Bore will be 2 1/8"D with a 2 3/8" Backset, 60" from the Top of 8/0 Door.
... A50: a T-Astragal is to be installed.
B51: Customer to supply door, and casings if required.
