Workbook

Sheet wholesale
A1: Finish Key | B1: EACH | C1: EACH
A2: Bright Brass US3 Polished Chrome US26
A3: Satin (Dull) Brass US4 Satin Chrome US26D
A4: Antique Brass US5 Antique Nickel US15A
A5: Oil Rubbed Bronze US10B Stainless Steel,Satin US32D | D5: Price
A6: Brushed/Satin Nickel US15 Black 1D | D6: Each
A8: Residential Grade, 1/4 "Radius, 5/8" Radius and Square (per hinge)
A10: 3 1/2 "x 3 1/2" US3, US4, US5, US10B, US15, US26, US26D | B10: =C10/1.4 | C10: 3 | D10: 3.5
A11: 4"x 4" US3, US4, US5, US10B, US15, US26, US26D | B11: =C11/1.4 | C11: 3.5 | D11: 4
A13: Residential Grade 1/4 "Radius Only (per hinge)
A14: Solid Brass 3 1/2" X 3 1/2" US3 | C14: Call for Price | D14: 9.5
A15: Solid Brass 4" X 4" US3 | C15: Call for Price | D15: 12
A16: NRP 4" x 4" US3, US4, US5, US10B, US15, US26, US26D, | C16: 6.5 | D16: 7.5
A17: NRP 4" x 4" Stainless | C17: 8 | D17: 12.5
A18: Spring Hinge 3 1/2 "x 3 1/2" US4 | D18: 10.5
A19: Spring Hinge 3 1/2 "x 3 1/2" US3,US5, US10B, US15, US26, US26D, | D19: 12
A20: Spring Hinge 4"x 4" US4 | D20: 11
A21: Spring Hinge 4" x 4" US3, US5, US10B, US15, RS26, US26D, 1D | C21: 19 | D21: 13.5
A23: Commercial Grade, Square Corner (per hinge)
A24: Plain Bearing 3 1/2" x 3 1/2" , All finishes | C24: 6.5 | D24: 8.5
A25: Plain Bearing 4" x 4" , All finishes | B25: =C25/1.4 | C25: 9 | D25: 10
A26: Ball Bearing 4" x 4" US4 | B26: =C26/1.4 | D26: 14
A27: Ball Bearing 4" x 4" US3, US5, US10B, US15, US15A, US26, US26D | B27: =C27/1.4 | C27: 15.5 | D27: 20.5
A28: Spring Hinge 4" x 4" US3, US4, US5, US10B, US15, US15A, US26, US26D | B28: =C28/1.4 | C28: 21.5 | D28: 33
A29: NRP upgrade | B29: =C29/1.4 | C29: 9 | D29: 4
A30: NRP Stainless Steel 4" x 4" | D30: 17
A32: Double Swing Floor Hinge (per hinge)
A33: US4 | B33: =C33/1.4 | C33: 52.5 | D33: 84
A34: US3, US5, US15, US26D | B34: =C34/1.4 | C34: 58.5 | D34: 111
A35: US10B, US26 | B35: =C35/1.4 | C35: 87 | D35: 122
A36: Prep for Installation of Double Swing Floor Hinge (Need FO size) | B36: =C36/1.4 | C36: 69.5 | D36: 84
A38: Other Options
A39: SOSS Hinges, Cost per hinge | B39: =C39/1.4 | C39: 29.5 | D39: 55.5
A40: SOSS hinges, prep for installation | B40: =C40/1.4 | C40: 29.5 | D40: 38
A41: Bifold 3" US4 (Dichromatic) | D41: 4.5
A42: Page 12

Sheet retail
A1: Finish Key | B1: EACH | C1: EACH
A2: Bright Brass US3 Polished Chrome US26
A3: Satin (Dull) Brass US4 Satin Chrome US26D
A4: Antique Brass US5 Antique Nickel US15A
A5: Oil Rubbed Bronze US10B Stainless Steel,Satin US32D | D5: Price
A6: Satin Nickel US15 Black 1D | D6: Each
A8: Residential Grade, 1/4 "Radius, 5/8" Radius and Square (per hinge)
A10: 3 1/2 "x 3 1/2" US3, US4, US5, US10B, US15, US26, US26D, | B10: =C10/1.4 | C10: 2 | D10: =wholesale!D10*2
A11: 4"x 4" US3, US4, US5, US10B, US15, US26, US26D, | B11: =C11/1.4 | C11: 2.5 | D11: =wholesale!D11*2
A13: Residential Grade, 1/4 "Radius Only (per hinge)
A14: Solid Brass, US3, 3 1/2" X 3 1/2" | C14: Call for Price | D14: =wholesale!D14*2
A15: Solid Brass US3, 4" X 4" | C15: Call for Price | D15: =wholesale!D15*2
A16: NRP 4" x 4" US3, US4, US5, US10B, US15, US26, US26D, | C16: 5 | D16: =wholesale!D16*2
A17: NRP 4" x 4" Stainless | C17: 6.49 | D17: =wholesale!D17*2
A18: Spring Hinge,3 1/2 "x 3 1/2" US4 | D18: =wholesale!D18*2
A19: Spring Hinge, 3 1/2 "x 3 1/2" US3,US5, US10B, US15, US26, US26D, | D19: =wholesale!D19*2
A20: Spring Hinge, 4"x 4" US4 | D20: =wholesale!D20*2
A21: Spring Hinge , 4" x 4"US3, US5, US10B, US15, RS26, US26D, 1D | C21: 16 | D21: =wholesale!D21*2
A23: Commercial Grade, Square Corner (per hinge)
A24: Plain Bearing 3 1/2" x 3 1/2" , All finishes | C24: 5 | D24: =wholesale!D24*2
A25: Plain Bearing 4" x 4" , All finishes | B25: =C25/1.4 | C25: 7.5 | D25: =wholesale!D25*2
A26: Ball Bearing 4" x 4" US4 | B26: =C26/1.4 | D26: =wholesale!D26*2
A27: Ball Bearing 4" x 4" ,US3, US4, US5, US10B, US15, US15A, US26, US26D | B27: =C27/1.4 | C27: 13 | D27: =wholesale!D27*2
A28: Spring Hinge, 4" x 4" US3, US4, US5, US10B, US15, US15A, US26, US26D | B28: =C28/1.4 | C28: 18.5 | D28: =wholesale!D28*2
A29: NRP upgrade | B29: =C29/1.4 | C29: 7.5 | D29: =wholesale!D29*2
A30: NRP Stainless Steel 4" x 4" | D30: 30
A32: Double Swing Floor Hinge (per hinge)
A33: US4 | B33: =C33/1.4 | C33: 45 | D33: =wholesale!D33*2
A34: US3, US5, US15, US26D | B34: =C34/1.4 | C34: 50 | D34: =wholesale!D34*2
A35: US10B, US26 | B35: =C35/1.4 | C35: 75 | D35: =wholesale!D35*2
A36: Prep for Installation of Double Swing Floor Hinge | B36: =C36/1.4 | C36: 60 | D36: =wholesale!D36*2
A38: Other Options
A39: SOSS Hinges, Cost per hinge | B39: =C39/1.4 | C39: 25 | D39: =wholesale!D39*2
A40: SOSS hinges, prep for installation | B40: =C40/1.4 | C40: 25 | D40: =wholesale!D40*2
A41: Bifold 3" US4 (Dichromatic) | D41: =wholesale!D41*2
A42: Page 12
