Workbook

Sheet wholesale
A1: Inswing Combo Sills | F1: ABD cost 6/10
A2: Width | B2: Finish | C2: Size | D2: Size | E2: Order # | F2: Cost/inch | G2: Prep fee | H2: Cost/ea
A4: 5 3/4 | B4: Bronze | D4: Per Foot | E4: S-56D | F4: 1 | I4: 10
C5: (3/0) | D5: 37.5 inches | F5: 1 | G5: 1 | H5: =(D5*F5)+0.4 | I5: 29
C6: (2/8) | D6: 33.5 inches | F6: 1 | G6: 1 | H6: =(D6*F6)+0.4 | I6: 26
C7: (2/6) | D7: 31.5 inches | F7: 1 | G7: 1 | H7: =(D7*F7)+0.4 | I7: 23.5
A8: 6.5 | B8: Mill | D8: Per Foot | E8: S-56A | F8: 1 | I8: 8
C9: (3/0) | D9: 37.5 inches | F9: 1 | G9: 1 | H9: =(D9*F9)+0.4 | I9: 21.5
C10: (2/8) | D10: 33.5 inches | F10: 1 | G10: 1 | H10: =(D10*F10)+0.4 | I10: 20
C11: (2/6) | D11: 31.5 inches | F11: 1 | G11: 1 | H11: =(D11*F11)+0.4 | I11: 17
A12: 9 | B12: Bronze | D12: Per Foot | E12: S-76D | F12: 1 | H12: =12*F12 | I12: 12.5
C13: (3/0) | D13: 37.5 inches | F13: 1 | G13: 1 | H13: =(D13*F13)+0.4 | I13: 36
C14: (2/8) | D14: 33.5 inches | F14: 1 | G14: 1 | H14: =(D14*F14)+0.4 | I14: 29.5
C15: (2/6) | D15: 31.5 inches | F15: 1 | G15: 1 | H15: =(D15*F15)+0.4 | I15: 28
A17: 9 | B17: Mill | D17: Per Foot | E17: S-76A | F17: 1 | I17: 10
C18: (3/0) | D18: 37.5 inches | F18: 1 | G18: 1 | H18: =(D18*F18)+0.4 | I18: 31
C19: (2/8) | D19: 33.5 inches | F19: 1 | G19: 1 | H19: =(D19*F19)+0.4 | I19: 28
C20: (2/6) | D20: 31.5 inches | F20: 1 | G20: 1 | H20: =(D20*F20)+0.4 | I20: 26.5
A22: Adjustable Sill, Oak with Bronze or Mill | E22: CALL FOR | I22: PRICE AND AVAILABILITY
A24: Outswing Combo Sills
A25: 5.5 | B25: Bronze | D25: Per foot | F25: 1 | G25: 0 | I25: 9.5
B26: Mill | D26: Per foot | F26: 1 | G26: 0 | I26: 8
A27: 6.5 | B27: Bronze | D27: Per foot | F27: 1 | G27: 0 | I27: 10
B28: Mill | D28: Per foot | F28: 1 | G28: 0 | I28: 8
A30: ADA Threshold
A31: 5" X 1/2" | B31: Bronze | D31: Per foot | E31: T55D | F31: 1 | G31: 0 | I31: 10
A32: 6" X 1/2" | B32: Bronze | D32: Per foot | E32: T65D | F32: 1 | G32: 0 | I32: 12.5
A33: 7" X 1/2" | B33: Bronze | D33: Per foot | E33: T75D | F33: 1.5 | G33: 0 | I33: 15.5
A34: 8" X 1/2" | B34: Bronze | D34: Per foot | E34: T85D | F34: 1.5 | G34: 0 | I34: 17.5
A35: 5" X 1/2" | B35: Mill | D35: Per foot | E35: T55A | F35: 1 | G35: 0 | I35: 8
A36: 6" X 1/2" | B36: Mill | D36: Per foot | E36: T65A | F36: 1 | G36: 0 | I36: 10
A37: 7" X 1/2" | B37: Mill | D37: Per foot | E37: T75A | F37: 1 | G37: 0 | I37: 11
A38: 8" X 1/2" | B38: Mill | D38: Per foot | E38: T85A | F38: 1.5 | G38: 0 | I38: 17
A40: Sill Nosing
A41: 4-1/2" x 1-1/2" | B41: Bronze | D41: Per foot | E41: SN45D | F41: 1 | G41: 0 | I41: 7.5
A42: 4-1/2" x 1-1/2" | B42: Mill | D42: Per foot | E42: SN45A | F42: 1 | G42: 0 | I42: 6
A44: Riser | G44: 0
A45: 9/16 sill | B45: Bronze | D45: Per foot | E45: SR-1D | F45: 1 | G45: 0 | I45: 6.5
A46: 9/16 sill | B46: Mill | D46: Per foot | E46: SR-1A | F46: 1 | G46: 0 | I46: 5
D48: Page 13

Sheet retail
A1: Inswing Combo Sills | F1: ABD cost 6/10
A2: Width | B2: Finish | C2: Size | D2: Size | E2: Order # | F2: Cost/inch | G2: Prep fee | H2: Cost/ea
A4: 5 3/4 | B4: Bronze | D4: Per Foot | E4: S-56D | F4: 0.29 | I4: =wholesale!I4*2
C5: (3/0) | D5: 37.5 inches | F5: 0.29 | G5: 0.4 | H5: =(D5*F5)+0.4 | I5: =wholesale!I5*2
C6: (2/8) | D6: 33.5 inches | F6: 0.29 | G6: 0.4 | H6: =(D6*F6)+0.4 | I6: =wholesale!I6*2
C7: (2/6) | D7: 31.5 inches | F7: 0.29 | G7: 0.4 | H7: =(D7*F7)+0.4 | I7: =wholesale!I7*2
A8: 5.75 | B8: Mill | D8: Per Foot | E8: S-56A | F8: 0.22 | I8: =wholesale!I8*2
C9: (3/0) | D9: 37.5 inches | F9: 0.22 | G9: 0.4 | H9: =(D9*F9)+0.4 | I9: =wholesale!I9*2
C10: (2/8) | D10: 33.5 inches | F10: 0.22 | G10: 0.4 | H10: =(D10*F10)+0.4 | I10: =wholesale!I10*2
C11: (2/6) | D11: 31.5 inches | F11: 0.22 | G11: 0.4 | H11: =(D11*F11)+0.4 | I11: =wholesale!I11*2
A12: 7.75 | B12: Bronze | D12: Per Foot | E12: S-76D | F12: 0.38 | H12: =12*F12 | I12: =wholesale!I12*2
C13: (3/0) | D13: 37.5 inches | F13: 0.38 | G13: 0.4 | H13: =(D13*F13)+0.4 | I13: =wholesale!I13*2
C14: (2/8) | D14: 33.5 inches | F14: 0.38 | G14: 0.4 | H14: =(D14*F14)+0.4 | I14: =wholesale!I14*2
C15: (2/6) | D15: 31.5 inches | F15: 0.38 | G15: 0.4 | H15: =(D15*F15)+0.4 | I15: =wholesale!I15*2
A17: 7.75 | B17: Mill | D17: Per Foot | E17: S-76A | F17: 0.28 | I17: =wholesale!I17*2
C18: (3/0) | D18: 37.5 inches | F18: 0.28 | G18: 0.4 | H18: =(D18*F18)+0.4 | I18: =wholesale!I18*2
C19: (2/8) | D19: 33.5 inches | F19: 0.28 | G19: 0.4 | H19: =(D19*F19)+0.4 | I19: =wholesale!I19*2
C20: (2/6) | D20: 31.5 inches | F20: 0.28 | G20: 0.4 | H20: =(D20*F20)+0.4 | I20: =wholesale!I20*2
A22: Adjustable Sill, Oak with Bronze or Mill CALL | E22: FOR PRICE | I22: AND AVAILABILITY
A24: Outswing Combo Sills
A25: 4.875 | B25: Bronze | D25: Per foot | F25: 0.31 | G25: 0 | I25: =wholesale!I25*2
B26: Mill | D26: Per foot | F26: 0.21 | G26: 0 | I26: =wholesale!I26*2
A27: 5.625 | B27: Bronze | D27: Per foot | F27: 0.32 | G27: 0 | I27: =wholesale!I27*2
B28: Mill | D28: Per foot | F28: 0.22 | G28: 0 | I28: =wholesale!I28*2
A30: ADA Threshold
A31: 5" X 1/2" | B31: Bronze | D31: Per foot | E31: T55D | F31: 0.34 | G31: 0 | I31: =wholesale!I31*2
A32: 6" X 1/2" | B32: Bronze | D32: Per foot | E32: T65D | F32: 0.43 | G32: 0 | I32: =wholesale!I32*2
A33: 7" X 1/2" | B33: Bronze | D33: Per foot | E33: T75D | F33: 0.57 | G33: 0 | I33: =wholesale!I33*2
A34: 8" X 1/2" | B34: Bronze | D34: Per foot | E34: T85D | F34: 0.65 | G34: 0 | I34: =wholesale!I34*2
A35: 5" X 1/2" | B35: Mill | D35: Per foot | E35: T55A | F35: 0.23 | G35: 0 | I35: =wholesale!I35*2
A36: 6" X 1/2" | B36: Mill | D36: Per foot | E36: T65A | F36: 0.32 | G36: 0 | I36: =wholesale!I36*2
A37: 7" X 1/2" | B37: Mill | D37: Per foot | E37: T75A | F37: 0.44 | G37: 0 | I37: =wholesale!I37*2
A38: 8" X 1/2" | B38: Mill | D38: Per foot | E38: T85A | F38: 0.51 | G38: 0 | I38: =wholesale!I38*2
A40: Sill Nosing
A41: 4-1/2" x 1-1/2" | B41: Bronze | D41: Per foot | E41: SN45D | F41: 0.18 | G41: 0 | I41: =wholesale!I41*2
A42: 4-1/2" x 1-1/2" | B42: Mill | D42: Per foot | E42: SN45A | F42: 0.12 | G42: 0 | I42: =wholesale!I42*2
A44: Riser | G44: 0
A45: 9/16 sill | B45: Bronze | D45: Per foot | E45: SR-1D | F45: 0.13 | G45: 0 | I45: =wholesale!I45*2
A46: 9/16 sill | B46: Mill | D46: Per foot | E46: SR-1A | F46: 0.1 | G46: 0 | I46: =wholesale!I46*2
D48: Page 13
