Workbook

Sheet wholesale
E1: PRICE
A2: FLUSHBOLT 6"
A3: US 3 | B3: Brite Brass | E3: 16
A4: US 10B | B4: Oil Rubbed Bronze | E4: 16
A5: US 15 | B5: Satin Nickel | E5: 16
A6: US 15A | B6: Antique Nickel | E6: 16
A7: US 26 | B7: Polished Chrome | E7: 16
A8: US 26D | B8: Satin (Dull) Chrome | E8: 16
A10: LEVER TYPE EXTENSION BOLTS 12"
A11: US 10B | B11: Oil Rubbed Bronze | E11: 29.5
A12: US 26D | B12: Satin (Dull) Chrome | E12: 29.5
A15: ROLLER CATCH
A16: US 3 | B16: Brite Brass | E16: 15.5
A17: US 10B | B17: Oil Rubbed Bronze | E17: 15.5
A18: US 15 | B18: Satin Nickel | E18: 15.5
A19: US 15A | B19: Antique Nickel | E19: 15.5
A20: US 26 | B20: Polished Chrome | E20: 15.5
A21: US 26D | B21: Satin (Dull) Chrome | E21: 15.5
A23: DOOR VIEWER
A24: US 3 | B24: Brite Brass | E24: 8.5
A25: US 10B | B25: Oil Rubbed Bronze | E25: 8.5
A26: US 15 | B26: Satin Nickel | E26: 8.5
A28: WEATHER STRIP
A29: JF65 | B29: White | C29: 84" (6/8 & 7/0) | E29: 5
A30: JF65 | B30: Bronze | C30: 84" (6/8 & 7/0) | E30: 5
A31: JF65 | B31: White | C31: 96" (8/0) | E31: 6
A32: JF65 | B32: Bronze | C32: 96" (8/0) | E32: 6
A33: JF65 | B33: White | C33: 120"(10') | E33: 7.5
A34: JF65 | B34: Bronze | C34: 120"(10') | E34: 7.5
A36: ASTRAGAL BOOT | E36: 7.5
D37: Page 15

Sheet retail
E1: PRICE
A2: FLUSHBOLT 6"
A3: US 3 | B3: Brite Brass | E3: =wholesale!E3*2
A4: US 10B | B4: Oil Rubbed Bronze | E4: =wholesale!E4*2
A5: US 15 | B5: Satin Nickel | E5: =wholesale!E5*2
A6: US 15A | B6: Antique Nickel | E6: =wholesale!E6*2
A7: US 26 | B7: Polished Chrome | E7: =wholesale!E7*2
A8: US 26D | B8: Satin (Dull) Chrome | E8: =wholesale!E8*2
A10: LEVER TYPE EXTENSION BOLTS 12"
A11: US 10B | B11: Oil Rubbed Bronze | E11: =wholesale!E11*2
A12: US 26D | B12: Satin (Dull) Chrome | E12: =wholesale!E12*2
A14: ROLLER CATCH
A15: US 3 | B15: Brite Brass | E15: =wholesale!E16*2
A16: US 10B | B16: Oil Rubbed Bronze | E16: =wholesale!E17*2
A17: US 15 | B17: Satin Nickel | E17: =wholesale!E18*2
A18: US 15A | B18: Antique Nickel | E18: =wholesale!E19*2
A19: US 26 | B19: Polished Chrome | E19: =wholesale!E20*2
A20: US 26D | B20: Satin (Dull) Chrome | E20: =wholesale!E21*2
A22: DOOR VIEWER
A23: US 3 | B23: Brite Brass | E23: =wholesale!E24*2
A24: US 10B | B24: Oil Rubbed Bronze | E24: =wholesale!E25*2
A25: US 15 | B25: Satin Nickel | E25: =wholesale!E26*2
A27: WEATHER STRIP
A28: JF65 | B28: White | C28: 84" (6/8 & 7/0) | E28: =wholesale!E29*2
A29: JF65 | B29: Bronze | C29: 84" (6/8 & 7/0) | E29: =wholesale!E30*2
A30: JF65 | B30: White | C30: 96" (8/0) | E30: =wholesale!E31*2
A31: JF65 | B31: Bronze | C31: 96" (8/0) | E31: =wholesale!E32*2
A32: JF65 | B32: White | C32: 120"(10') | E32: =wholesale!E33*2
A33: JF65 | B33: Bronze | C33: 120"(10') | E33: =wholesale!E34*2
A35: ASTRAGAL BOOT | E35: 13.5
D38: Page 15
