Workbook

Sheet wholesale
A1: JAMBS, STOP and FRAMES (continued)
A3: Pine, Solid, Exterior (FOR 1-3/4" DOORS)
A4: 4-5/8 | B4: 6/8 | C4: Pairs | J4: 78.5
A5: 5-1/4 | B5: 6/8 | C5: Pairs | J5: 97
A6: 6-1/2 | B6: 6/8 | C6: Pairs | J6: 128
A7: 7-1/4 | B7: 6/8 | C7: Pairs | J7: 134
A9: Fir, Vertical Grain, Interior
A10: 1-1/4 STOP | B10: 6/8 | C10: Pairs | F10: 8 | G10: 8 | H10: 16 | I10: 1.5 | J10: 14
A11: 1-1/4 STOP | B11: Per foot | F11: 1 | H11: 1.5 | I11: 1.5 | J11: 2.5
A12: 4-9/16 | B12: 6/8 | C12: Pairs | F12: 47.5 | G12: 47.5 | H12: 102.5 | I12: 1.5 | J12: 78.5
A13: 4-13/16 | B13: 6/8 | C13: Pairs | G13: 55.5 | H13: 113 | I13: 1.5 | J13: 86.5
A14: 5-1/4 | B14: 6/8 | C14: Pairs | G14: 65.5 | H14: 126 | I14: 1.5 | J14: 108.5
A15: 7-1/4 | B15: 6/8 | C15: Pairs | H15: 226 | I15: 1.5 | J15: 170
A17: Fir, Vertical Grain, Exterior (For 1 3/4" Doors
A19: 4-5/8 | B19: 6/8 | C19: Pairs | E19: 57 | F19: 69 | G19: 69 | H19: 180.5 | I19: 1.5 | J19: 136.5
A20: 5-1/4 | B20: 6/8 | C20: Pairs | E20: 143 | F20: 94.5 | G20: 96 | H20: 211.5 | I20: 1.5 | J20: 160
A21: 5-1/4 | B21: 8/0 | C21: Pairs | H21: 296 | I21: 1.5 | J21: 223.5
A22: 5-1/4 | B22: Per foot | H22: 14 | I22: 1.5 | J22: 12.5
A23: 7-1/4 | B23: 6/8 | C23: Pairs | G23: 146.5 | H23: 374.5 | I23: 1.5 | J23: 281.5
A24: 7-1/4 | B24: 8/0 | C24: Pairs | E24: 131 | G24: 287.5 | H24: 494.5 | I24: 1.5 | J24: 371.5
A25: 7-1/4 | B25: Per foot | E25: 13 | F25: 13 | H25: 24 | I25: 1.5 | J25: 23
A27: Solid Oak Interior
A28: 1-1/4 STOP | B28: 6/8 | C28: Pairs | H28: 18.5 | I28: 1.5 | J28: 18
A29: 4-9/16 | B29: 6/8 | C29: Pairs | H29: 84.5 | I29: 1.5 | J29: 78
A30: 5-1/4 | B30: 6/8 | C30: Pairs | H30: 89 | I30: 1.5 | J30: 81.5
A32: Oak Veneer Interior
A33: 1-1/4 STOP | B33: 6/8 | C33: Pairs | H33: 13.5 | I33: 1.5 | J33: 14
A34: 4-9/16 | B34: 6/8 | C34: Pairs | H34: 36.5 | I34: 1.5 | J34: 35.5
A35: 5-1/4 | B35: 6/8 | C35: Pairs | D35: ` | J35: 43.5
A37: Oak, Solid Exterior (for 1-3/4" Doors) | E37: 98.5 | F37: 108.5 | H37: 185 | I37: 1.5
A38: 5-1/4 | E38: 151 | H38: 272 | I38: 1.5 | J38: 168.5
A39: 7-1/4 | J39: 247
A41: Page 10

Sheet retail
A1: JAMBS, STOP and FRAMES (continued)
A3: Pine, Solid, Exterior (FOR 1-3/4" DOORS)
A4: 4-5/8 | B4: 6/8 | C4: Pairs | J4: =wholesale!J4*2
A5: 5-1/4 | B5: 6/8 | C5: Pairs | J5: =wholesale!J5*2
A6: 6-5/8 | B6: 6/8 | C6: Pairs | J6: =wholesale!J6*2
A7: 7-1/4 | B7: 6/8 | C7: Pairs | J7: =wholesale!J7*2
A9: Fir, Vertical Grain, Interior
A10: 1-1/4 STOP | B10: 6/8 | C10: Pairs | J10: =wholesale!J10*2
A11: 1-1/4 STOP | B11: Per foot | J11: =wholesale!J11*2
A12: 4-9/16 | B12: 6/8 | C12: Pairs | F12: 6.47 | G12: 6.47 | H12: 13.6 | I12: 0.58 | J12: =wholesale!J12*2
A13: 4-13/16 | B13: 6/8 | C13: Pairs | F13: 0.43 | H13: 0.85 | I13: 0.58 | J13: =wholesale!J13*2
A14: 5-1/4 | B14: 6/8 | C14: Pairs | F14: 40.67 | G14: 40.67 | H14: 88.25 | I14: 0.58 | J14: =wholesale!J14*2
A15: 7-1/4 | B15: 6/8 | C15: Pairs | G15: 47.61 | H15: 97.2 | I15: 0.58 | J15: =wholesale!J15*2
G16: 56.47 | H16: 108.95 | I16: 0.58
A17: Fir, Vertical Grain, Exterior (For 1 3/4" Doors | H17: 195.05 | I17: 0.58
A19: 4-5/8 | B19: 6/8 | C19: Pairs | J19: =wholesale!J19*2
A20: 5-1/4 | B20: 6/8 | C20: Pairs | J20: =wholesale!J20*2
A21: 5-1/4 | B21: 8/0 | C21: Pairs | E21: 48.58 | F21: 59.12 | G21: 59.12 | H21: 156.15 | I21: 0.58 | J21: =wholesale!J21*2
A22: 5-1/4 | B22: Per foot | E22: 123.5 | F22: 80.98 | G22: 82.83 | H22: 182.7 | I22: 0.58 | J22: =wholesale!J22*2
A23: 7-1/4 | B23: 6/8 | C23: Pairs | H23: 255.85 | I23: 0.58 | J23: =wholesale!J23*2
A24: 7-1/4 | B24: 8/0 | C24: Pairs | H24: 11.54 | I24: 0.58 | J24: =wholesale!J24*2
A25: 7-1/4 | B25: Per foot | G25: 126.22 | H25: 323.75 | I25: 0.58 | J25: =wholesale!J25*2
E26: 112.99 | G26: 248.27 | H26: 428.05 | I26: 0.58
A27: Solid Oak Interior | E27: 10.6 | F27: 10.6 | H27: 20.01 | I27: 0.58
A28: 1-1/4 STOP | B28: 6/8 | C28: Pairs | J28: =wholesale!J28*2
A29: 4-9/16 | B29: 6/8 | C29: Pairs | J29: =wholesale!J29*2
A30: 5-1/4 | B30: 6/8 | C30: Pairs | H30: 15.35 | I30: 0.7 | J30: =wholesale!J30*2
H31: 72.55 | I31: 0.7
A32: Oak Veneer Interior | H32: 76.2 | I32: 0.7
A33: 1-1/4 STOP | B33: 6/8 | C33: Pairs | J33: =wholesale!J33*2
A34: 4-9/16 | B34: 6/8 | C34: Pairs | J34: =wholesale!J34*2
A35: 5-1/4 | B35: 6/8 | C35: Pairs | D35: ` | H35: 11.4 | I35: 0.7 | J35: =wholesale!J35*2
H36: 31.4 | I36: 0.7
A37: Oak, Solid Exterior (for 1-3/4" Doors)
A38: 5-1/4 | J38: =wholesale!J38*2
A39: 7-1/4 | E39: 84.9 | F39: 93.36 | H39: 159.6 | I39: 0.7 | J39: =wholesale!J39*2
E40: 130.03 | H40: 235 | I40: 0.7
A41: Page 10
