Workbook

Sheet wholesale
B1: 6/8 DOOR | C1: 7/0 DOOR | D1: 8/0 DOOR
A2: No Matches of Exterior Double Doors
A4: 1 3/8" Flush & Molded Doors, HC or SC | B4: 43 | C4: 49 | D4: 56
A5: 1 3/8" Stile & Rail Doors | B5: 52 | C5: 56 | D5: 63.5
A6: 1 3/4" Flush & Molded, Flush Fiberglass or Steel, SC | B6: 63.5 | C6: 74.5 | D6: 88
A7: 1 3/4" Stile & Rail and Fiberglass Entry Doors | B7: 96.5 | C7: 111 | D7: 145.5
A8: Prefinished 1 3/4" Stile & Rail Entry Doors | B8: 145.5 | C8: 168 | D8: 218
A9: Call for details on all prefinished doors | B9: CALL | C9: FOR | D9: QUOTE
A11: MISC. OPTIONS
A13: Prep & Install Roller Catches, each | B13: 39.5 | C13: 39.5 | D13: 39.5
A14: Install 1 3/8" FJ Pine T-Astragal | B14: 39 | C14: 39 | D14: 41
A15: Install 1 3/8" Fir T-Astragal | B15: 56.5 | C15: 56.5 | D15: 63.5
A16: Install 1 3/8" Oak T-Astragal | B16: 74.5 | C16: 74.5 | D16: 80.5
A17: Install 1 3/4" Non-Kerft Fir T-Astragal | B17: 73.5 | C17: 73.5 | D17: 73.5
A18: Install 1 3/4" Kerft Fir T-Astragal | B18: 74.5 | C18: 74.5 | D18: 88
A19: Mortise & Install 6" Flushbolt, each | B19: 41 | C19: 41 | D19: 41
A20: Mortise only for 6" Flushbolt | B20: 23 | C20: 23 | D20: 23
A21: Mortise & Install 12" Extension Flushbolt, each | B21: 88 | C21: 88 | D21: 88
A22: Bore Only for Latch or Deadbolt Lock | B22: 35 | C22: 35 | D22: 35
A23: Rip Door to Special Width - Per Cut | B23: 20 | C23: 20 | D23: 20
A24: Remove Interior Hardware - Hinges & Latch | B24: 9 | C24: 9 | D24: 9
... A27: Reinstall Exterior Hardware - Hinges, Latch & Deadbolt | B27: 16 | C27: 16 | D27: 16
A28: Prep for Special Lockset | B28: CALL | C28: FOR | D28: QUOTE
A29: Mortise for Baldwin or Emtek Lockset | B29: 131 | C29: 131 | D29: 131
A30: Match Special Custom Doors | B30: CALL | C30: FOR | D30: QUOTE
A31: Mortise for Hinges - HC & SC Flush & Molded Doors | B31: 23 | C31: 23 | D31: 23
A32: Mortise for Hinges,1 3/8 Stile & Rail Doors | B32: 30.5 | C32: 30.5 | D32: 30.5
A33: Mortise for Hinges,1 3/4 Stile & Rail Doors | B33: 59.5 | C33: 59.5 | D33: 59.5
A34: Size & Bevel Door up to 1/4" | B34: 18 | C34: 18 | D34: 18
A35: Mortise for Barn Door Guide | B35: 84.5 | C35: 84.5 | D35: 84.5
A36: Door Disposal Fee * | B36: 8.5 | C36: 8.5 | D36: 9.5
A37: *Door disposal will be charged unless otherwise noted on order
A47: Page 8

Sheet retail
B1: 6/8 DOOR | C1: 7/0 DOOR | D1: 8/0 DOOR
A2: No Matches of Exterior Double Doors
A4: 1 3/8" Flush & Molded Doors, HC or SC | B4: =(wholesale!B4)*2 | C4: =(wholesale!C4)*2 | D4: =(wholesale!D4)*2
A5: 1 3/8" Stile & Rail Doors | B5: =(wholesale!B5)*2 | C5: =(wholesale!C5)*2 | D5: =(wholesale!D5)*2
A6: 1 3/4" SC Flush & Molded, Flush Fiberglass or Steel | B6: =(wholesale!B6)*2 | C6: =(wholesale!C6)*2 | D6: =(wholesale!D6)*2
A7: 1 3/4" Stile & Rail and Fiberglass Entry Doors | B7: =(wholesale!B7)*2 | C7: =(wholesale!C7)*2 | D7: =(wholesale!D7)*2
A8: Prefinished 1 3/4" Stile & Rail Entry Doors | B8: =(wholesale!B8)*2 | C8: =(wholesale!C8)*2 | D8: =(wholesale!D8)*2
A9: Call for details on all prefinished doors | B9: CALL | C9: FOR | D9: QUOTE
A11: MISC. OPTIONS
A13: Prep & Install Roller Catches, each | B13: =(wholesale!B13)*2 | C13: =(wholesale!C13)*2 | D13: =(wholesale!D13)*2
A14: Install 1 3/8" FJ Pine T-Astragal | B14: =(wholesale!B14)*2 | C14: =(wholesale!C14)*2 | D14: =(wholesale!D14)*2
A15: Install 1 3/8" Fir T-Astragal | B15: =(wholesale!B15)*2 | C15: =(wholesale!C15)*2 | D15: =(wholesale!D15)*2
A16: Install 1 3/8" Oak T-Astragal | B16: =(wholesale!B16)*2 | C16: =(wholesale!C16)*2 | D16: =(wholesale!D16)*2
A17: Install 1 3/4" Non-Kerft Fir T-Astragal | B17: =(wholesale!B17)*2 | C17: =(wholesale!C17)*2 | D17: =(wholesale!D17)*2
A18: Install 1 3/4" Kerft Fir T-Astragal | B18: =(wholesale!B18)*2 | C18: =(wholesale!C18)*2 | D18: =(wholesale!D18)*2
A19: Mortise & Install 6" Flushbolt, each | B19: =(wholesale!B19)*2 | C19: =(wholesale!C19)*2 | D19: =(wholesale!D19)*2
A20: Mortise only for 6" Flushbolt | B20: =(wholesale!B20)*2 | C20: =(wholesale!C20)*2 | D20: =(wholesale!D20)*2
A21: Mortise & Install 12" Extension Flushbolt, each | B21: =(wholesale!B21)*2 | C21: =(wholesale!C21)*2 | D21: =(wholesale!D21)*2
A22: Bore Only for Latch or Deadbolt Lock | B22: =(wholesale!B22)*2 | C22: =(wholesale!C22)*2 | D22: =(wholesale!D22)*2
A23: Rip Door to Special Width - Per Cut | B23: =(wholesale!B23)*2 | C23: =(wholesale!C23)*2 | D23: =(wholesale!D23)*2
A24: Remove Interior Hardware - Hinges & Latch | B24: =(wholesale!B24)*2 | C24: =(wholesale!C24)*2 | D24: =(wholesale!D24)*2
... A27: Reinstall Exterior Hardware - Hinges, Latch & Deadbolt | B27: =(wholesale!B27)*2 | C27: =(wholesale!C27)*2 | D27: =(wholesale!D27)*2
A28: Prep for Special Lockset | B28: CALL | C28: FOR | D28: QUOTE
A29: Mortise for Baldwin or Emtek Lockset | B29: =(wholesale!B29)*2 | C29: =(wholesale!C29)*2 | D29: =(wholesale!D29)*2
A30: Match Special Custom Doors | B30: CALL | C30: FOR | D30: QUOTE
A31: Mortise for Hinges - HC & SC Flush & Molded Doors | B31: =(wholesale!B31)*2 | C31: =(wholesale!C31)*2 | D31: =(wholesale!D31)*2
A32: Mortise for Hinges,1 3/8 Stile & Rail Doors | B32: =(wholesale!B32)*2 | C32: =(wholesale!C32)*2 | D32: =(wholesale!D32)*2
A33: Mortise for Hinges,1 3/4 Stile & Rail Doors | B33: =(wholesale!B33)*2 | C33: =(wholesale!C33)*2 | D33: =(wholesale!D33)*2
A34: Size & Bevel Door up to 1/4" | B34: =(wholesale!B34)*2 | C34: =(wholesale!C34)*2 | D34: =(wholesale!D34)*2
A35: Mortise for Barn Door Guide | B35: =(wholesale!B35)*2 | C35: =(wholesale!C35)*2 | D35: =(wholesale!D35)*2
A36: Door Disposal Fee* | B36: =(wholesale!B36)*2 | C36: =(wholesale!C36)*2 | D36: =(wholesale!D36)*2
A37: *Disposal fee will be charged on all matches unless otherwise noted on order
A48: Page 8
